id;title;content;date
1;disposer between plump;../fake-data/blob/hipster.txt;2025-05-23T09:19:37
2;entry unlike needily;../fake-data/blob/hipster.txt;2025-05-23T03:05:12
3;hunt whether;../fake-data/blob/hipster.txt;2025-05-23T08:31:08
4;enlist following;../fake-data/blob/hipster.txt;2025-05-23T06:19:06
5;unfortunately;../fake-data/blob/hipster.txt;2025-05-23T12:36:49
6;entomb quicker;../fake-data/blob/hipster.txt;2025-05-23T14:34:38
7;lovable;../fake-data/blob/hipster.txt;2025-05-22T14:48:46
8;gee whenever secrecy;../fake-data/blob/hipster.txt;2025-05-22T17:11:31
9;aw openly;../fake-data/blob/hipster.txt;2025-05-23T10:49:56
10;surprise lest ha;../fake-data/blob/hipster.txt;2025-05-23T03:35:32
